{
  "count": 31,
  "correct": 20.013763197586727,
  "accuracy": 0.6456052644382815,
  "by_qtype": {
    "number": {
      "count": 6,
      "correct": 1.0,
      "accuracy": 0.16666666666666666
    },
    "list_recall": {
      "count": 12,
      "correct": 11.013763197586727,
      "accuracy": 0.9178135997988939
    },
    "open_end": {
      "count": 13,
      "correct": 8.0,
      "accuracy": 0.6153846153846154
    }
  }
}