{
  "count": 31,
  "correct": 12.664404223227752,
  "accuracy": 0.4085291684912178,
  "by_qtype": {
    "number": {
      "count": 6,
      "correct": 1.0,
      "accuracy": 0.16666666666666666
    },
    "list_recall": {
      "count": 12,
      "correct": 8.664404223227752,
      "accuracy": 0.7220336852689794
    },
    "open_end": {
      "count": 13,
      "correct": 3.0,
      "accuracy": 0.23076923076923078
    }
  }
}