{
  "count": 31,
  "correct": 6,
  "accuracy": 0.1935483870967742,
  "by_qtype": {
    "number": {
      "count": 6,
      "correct": 1.0,
      "accuracy": 0.16666666666666666
    },
    "list_recall": {
      "count": 12,
      "correct": 5.0,
      "accuracy": 0.4166666666666667
    },
    "open_end": {
      "count": 13,
      "correct": 0.0,
      "accuracy": 0.0
    }
  }
}